time,open,high,low,close,volume,bid,ask,spread,MACD_15_30_9,MACDh_15_30_9,MACDs_15_30_9,EMA_10,EMA_50,EMA_100
2022-07-20 00:00:00,1.0231,1.02378,1.02309,1.02358,289,1.0235,1.02366,-0.00015999999999993797,,,,,,
2022-07-20 00:05:00,1.02356,1.02358,1.02327,1.02337,185,1.02329,1.02345,-0.00015999999999993797,,,,,,
2022-07-20 00:10:00,1.02338,1.02362,1.02336,1.0236,168,1.02352,1.02367,-0.0001500000000000945,,,,,,
2022-07-20 00:15:00,1.02356,1.02408,1.02355,1.02404,337,1.02396,1.02411,-0.0001500000000000945,,,,,,
2022-07-20 00:20:00,1.02402,1.02408,1.02362,1.02401,244,1.02393,1.02409,-0.00015999999999993797,,,,,,
2022-07-20 00:25:00,1.02394,1.02457,1.02386,1.02451,253,1.02442,1.0246,-0.00017999999999984695,,,,,,
2022-07-20 00:30:00,1.02452,1.02476,1.02421,1.02441,279,1.02433,1.02449,-0.00015999999999993797,,,,,,
2022-07-20 00:35:00,1.02439,1.02466,1.02434,1.02446,163,1.02438,1.02454,-0.00015999999999993797,,,,,,
2022-07-20 00:40:00,1.02443,1.02452,1.0242,1.02434,165,1.02426,1.02443,-0.00017000000000000348,,,,,,
2022-07-20 00:45:00,1.02434,1.0244,1.02416,1.02424,141,1.02418,1.02431,-0.00012999999999996348,,,,1.0240560000000003,,
2022-07-20 00:50:00,1.02426,1.02486,1.02405,1.02484,395,1.02477,1.02492,-0.0001500000000000945,,,,1.0241985454545457,,
2022-07-20 00:55:00,1.02484,1.02488,1.02442,1.02462,314,1.02454,1.02469,-0.0001500000000000945,,,,1.0242751735537192,,
2022-07-20 01:00:00,1.02468,1.02468,1.02412,1.02421,230,1.02413,1.02429,-0.00015999999999993797,,,,1.0242633238166794,,
2022-07-20 01:05:00,1.02419,1.02456,1.02415,1.02455,182,1.02447,1.02463,-0.00015999999999993797,,,,1.0243154467591011,,
2022-07-20 01:10:00,1.02456,1.02456,1.02412,1.0242,251,1.02413,1.02428,-0.0001500000000000945,,,,1.0242944564392644,,
2022-07-20 01:15:00,1.02421,1.02442,1.02404,1.02438,406,1.0243,1.02446,-0.00015999999999993797,,,,1.0243100098139435,,
2022-07-20 01:20:00,1.02438,1.0244,1.02391,1.02394,344,1.02385,1.02404,-0.0001900000000001345,,,,1.0242427353023174,,
2022-07-20 01:25:00,1.02394,1.02414,1.02391,1.02396,219,1.02389,1.02404,-0.0001500000000000945,,,,1.0241913288837141,,
2022-07-20 01:30:00,1.02394,1.024,1.02344,1.02363,257,1.02356,1.0237,-0.000140000000000029,,,,1.0240892690866752,,
2022-07-20 01:35:00,1.02363,1.02383,1.02358,1.02358,205,1.02351,1.02365,-0.000140000000000029,,,,1.0239966747072795,,
2022-07-20 01:40:00,1.02353,1.02388,1.02346,1.02364,276,1.02355,1.02372,-0.00017000000000000348,,,,1.0239318247605014,,
2022-07-20 01:45:00,1.0236,1.02362,1.02332,1.02338,280,1.0233,1.02346,-0.00015999999999993797,,,,1.0238314929858647,,
2022-07-20 01:50:00,1.02338,1.02369,1.02336,1.02347,286,1.02339,1.02355,-0.00015999999999993797,,,,1.0237657669884348,,
2022-07-20 01:55:00,1.02346,1.02368,1.02334,1.02339,303,1.02331,1.02347,-0.00016000000000016001,,,,1.0236974457178103,,
2022-07-20 02:00:00,1.02342,1.0235,1.02312,1.02318,210,1.0231,1.02325,-0.0001500000000000945,,,,1.0236033646782083,,
2022-07-20 02:05:00,1.02318,1.02333,1.02318,1.0233,238,1.02323,1.02338,-0.00014999999999987246,,,,1.0235482074639886,,
2022-07-20 02:10:00,1.02334,1.02366,1.02332,1.0236,226,1.02352,1.02369,-0.00017000000000000348,,,,1.0235576242887179,,
2022-07-20 02:15:00,1.02362,1.0239,1.0235,1.02354,207,1.02347,1.02361,-0.00013999999999980695,,,,1.0235544198725872,,
2022-07-20 02:20:00,1.02354,1.02364,1.02338,1.0236,183,1.02352,1.02368,-0.00015999999999993797,,,,1.0235627071684805,,
2022-07-20 02:25:00,1.0236,1.02371,1.02342,1.02346,186,1.02337,1.02354,-0.00017000000000000348,-0.00028668449423130404,,,1.0235440331378476,,
2022-07-20 02:30:00,1.02346,1.02356,1.02336,1.02352,129,1.02344,1.02361,-0.00017000000000000348,-0.00027389328729121587,,,1.0235396634764207,,
2022-07-20 02:35:00,1.02354,1.02398,1.02352,1.02388,271,1.02381,1.02396,-0.00014999999999987246,-0.00023944005509979327,,,1.0236015428443441,,
2022-07-20 02:40:00,1.02388,1.02408,1.02384,1.02408,252,1.024,1.02415,-0.00014999999999987246,-0.00019721067507960655,,,1.0236885350544633,,
2022-07-20 02:45:00,1.02409,1.02432,1.02382,1.0239,321,1.02383,1.02397,-0.000140000000000029,-0.00017194057228020476,,,1.0237269832263791,,
2022-07-20 02:50:00,1.0239,1.02392,1.02374,1.02387,238,1.02379,1.02395,-0.00015999999999993797,-0.0001516836690025336,,,1.0237529862761283,,
2022-07-20 02:55:00,1.02385,1.02428,1.02384,1.0242,251,1.02412,1.02427,-0.0001500000000000945,-0.00011391948068251168,,,1.0238342614986504,,
2022-07-20 03:00:00,1.0242,1.02426,1.02397,1.02414,277,1.02407,1.02422,-0.00014999999999987246,-8.571799201151364e-05,,,1.0238898503170775,,
2022-07-20 03:05:00,1.02412,1.02434,1.02398,1.02418,189,1.0241,1.02425,-0.0001500000000000945,-5.95230799786961e-05,0.00011603395398323494,-0.00017555703396193105,1.0239426048048814,,
2022-07-20 03:10:00,1.02416,1.02432,1.02412,1.02424,222,1.02415,1.02434,-0.0001900000000001345,-3.3972219887212773e-05,0.00011326785125977462,-0.0001472400711469874,1.0239966766585393,,
2022-07-20 03:15:00,1.02425,1.02451,1.02423,1.0244,166,1.02431,1.02448,-0.00017000000000000348,-3.1062157004324575e-06,0.00011530708435724395,-0.00011841330005767641,1.0240700081751686,,
2022-07-20 03:20:00,1.02442,1.0246,1.02432,1.02434,166,1.02426,1.02441,-0.0001500000000000945,1.855512011128546e-05,0.00010957473613516951,-9.101961602388405e-05,1.0241190975978651,,
2022-07-20 03:25:00,1.02434,1.02448,1.02418,1.02438,253,1.0243,1.02445,-0.0001500000000000945,3.855568837574097e-05,0.00010366024351970002,-6.510455514395905e-05,1.0241665343982531,,
2022-07-20 03:30:00,1.02436,1.0245,1.02427,1.02436,135,1.02428,1.02444,-0.00015999999999993797,5.3406510879261404e-05,9.480885281857636e-05,-4.140234193931496e-05,1.0242017099622072,,
2022-07-20 03:35:00,1.02436,1.0244,1.02402,1.02402,138,1.02394,1.0241,-0.00015999999999993797,4.456741388914054e-05,6.87758046627644e-05,-2.420839077362386e-05,1.0241686717872605,,
2022-07-20 03:40:00,1.024,1.0244,1.02394,1.02434,192,1.02425,1.02442,-0.00017000000000000348,5.6327609386119804e-05,6.442880012779493e-05,-8.101190741675127e-06,1.0241998223713948,,
2022-07-20 03:45:00,1.02434,1.0244,1.02422,1.02426,233,1.02418,1.02435,-0.00017000000000000348,6.066093385026505e-05,5.500969967355214e-05,5.651234176712909e-06,1.024210763758414,,
2022-07-20 03:50:00,1.02428,1.02428,1.02402,1.02422,212,1.02415,1.0243,-0.0001500000000000945,6.129941368304692e-05,4.4518543605067207e-05,1.678087007797971e-05,1.0242124430750659,,
2022-07-20 03:55:00,1.02422,1.02434,1.02416,1.02432,116,1.02425,1.0244,-0.00014999999999987246,6.737607730666895e-05,4.047616578295139e-05,2.6899911523717557e-05,1.0242319988795994,,
2022-07-20 04:00:00,1.02431,1.02435,1.02418,1.02432,219,1.02424,1.02439,-0.00014999999999987246,7.180676505269545e-05,3.592548282318232e-05,3.5881282229513134e-05,1.0242479990833084,,
2022-07-20 04:05:00,1.02431,1.02446,1.02427,1.02436,218,1.02429,1.02444,-0.0001500000000000945,7.727376538468889e-05,3.3113986524140596e-05,4.415977886054829e-05,1.0242683628863432,1.0240072,
2022-07-20 04:10:00,1.02437,1.02452,1.02424,1.0245,169,1.02443,1.02458,-0.0001500000000000945,8.959333609670495e-05,3.634684578892532e-05,5.3246490307779625e-05,1.0243104787251898,1.0240265254901961,
2022-07-20 04:15:00,1.02454,1.02482,1.02446,1.02448,179,1.0244,1.02457,-0.00017000000000000348,9.774529650941055e-05,3.5599044961304735e-05,6.214625154810582e-05,1.0243413007751552,1.024044308804306,
2022-07-20 04:20:00,1.02448,1.02474,1.02446,1.02455,115,1.02448,1.02462,-0.000140000000000029,0.00010786367300452682,3.65739371651368e-05,7.128973583939002e-05,1.0243792460887633,1.0240641398315882,
2022-07-20 04:25:00,1.02454,1.02465,1.02444,1.02446,236,1.02438,1.02455,-0.00017000000000000348,0.00010983263704678059,3.0834320965912455e-05,7.899831608086814e-05,1.024393928618079,1.0240796637597611,
2022-07-20 04:30:00,1.02448,1.02474,1.02422,1.02469,297,1.02461,1.02477,-0.00015999999999993797,0.00012446987263747822,3.637724524528806e-05,8.809262739219016e-05,1.0244477597784283,1.0241035985142803,
2022-07-20 04:35:00,1.02466,1.02479,1.02448,1.02455,167,1.02448,1.02462,-0.000140000000000029,0.00012697962699093068,3.110959967899242e-05,9.587002731193826e-05,1.024466348909623,1.0241211044548968,
2022-07-20 04:40:00,1.02458,1.02464,1.02442,1.02464,145,1.02456,1.02472,-0.00016000000000016001,0.0001334535015060645,3.006677935530099e-05,0.00010338672215076351,1.0244979218351462,1.0241414532998028,
2022-07-20 04:45:00,1.02464,1.02478,1.02445,1.02452,108,1.02444,1.0246,-0.00015999999999993797,0.00013041837861726968,2.162532517320493e-05,0.00010879305344406475,1.0245019360469378,1.024156298268438,
2022-07-20 04:50:00,1.02456,1.0247,1.02442,1.02466,144,1.02459,1.02473,-0.000140000000000029,0.00013534996448938408,2.1245528836255458e-05,0.00011410443565312862,1.0245306749474945,1.0241760512775189,
2022-07-20 04:55:00,1.02466,1.02472,1.02428,1.02438,138,1.0243,1.02445,-0.0001500000000000945,0.00012135969030824256,5.804203724091146e-06,0.00011555548658415142,1.0245032795024955,1.0241840492666359,
2022-07-20 05:00:00,1.02437,1.02452,1.02414,1.02449,257,1.02442,1.02456,-0.00013999999999980695,0.000115582492568711,2.1604787647674885e-08,0.00011556088778106333,1.0245008650474963,1.024196047334611,
2022-07-20 05:05:00,1.02449,1.02471,1.02442,1.02443,187,1.02436,1.0245,-0.000140000000000029,0.00010629242754367496,-7.414768189910711e-06,0.00011370719573358567,1.024487980493406,1.02420522194894,
2022-07-20 05:10:00,1.02443,1.02454,1.02424,1.0245,303,1.02442,1.02457,-0.00014999999999987246,0.0001020647337728331,-9.313969568602078e-06,0.00011137870334143517,1.0244901658582413,1.024216781872511,
2022-07-20 05:15:00,1.02445,1.02447,1.02426,1.02434,281,1.02426,1.02442,-0.00016000000000016001,8.810363980882308e-05,-1.8620050826089683e-05,0.00010672369063491276,1.0244628629749246,1.024221613955942,
2022-07-20 05:20:00,1.02433,1.02433,1.02392,1.02406,357,1.02398,1.02415,-0.00017000000000000348,5.9029811767530305e-05,-3.8155103093905974e-05,9.718491486143628e-05,1.024389615161302,1.0242152761537482,
2022-07-20 05:25:00,1.02406,1.02472,1.02399,1.0246,348,1.02452,1.02467,-0.00014999999999987246,6.74167201708542e-05,-2.3814555752465667e-05,9.123127592331987e-05,1.024427866950156,1.0242303633634051,
2022-07-20 05:30:00,1.02458,1.02459,1.02392,1.02394,234,1.02386,1.02401,-0.0001500000000000945,3.381877245112186e-05,-4.593000277775841e-05,7.974877522888027e-05,1.0243391638683095,1.0242189765648402,
2022-07-20 05:35:00,1.02392,1.02393,1.02369,1.02384,210,1.02376,1.02391,-0.0001500000000000945,-3.892597355559246e-09,-6.380213426098866e-05,6.37982416636331e-05,1.024248406801344,1.024204114738768,
2022-07-20 05:40:00,1.02386,1.02388,1.02357,1.02382,276,1.02375,1.0239,-0.0001500000000000945,-2.889902654734655e-05,-7.415781456878372e-05,4.525878802143717e-05,1.024170514655645,1.024189051415679,
2022-07-20 05:45:00,1.02386,1.02388,1.02372,1.02376,238,1.02369,1.02383,-0.000140000000000029,-5.594706742950706e-05,-8.096468436075538e-05,2.5017616931248323e-05,1.024095875627346,1.0241722258699661,
2022-07-20 05:50:00,1.02374,1.02402,1.02365,1.02386,281,1.02379,1.02393,-0.000140000000000029,-7.158762454317902e-05,-7.728419317954188e-05,5.696568636362856e-06,1.0240529891496466,1.0241599817182028,
2022-07-20 05:55:00,1.02384,1.02386,1.02358,1.02381,367,1.02372,1.0239,-0.000180000000000069,-8.683705133760711e-05,-7.402689597917597e-05,-1.2810155358431135e-05,1.0240088093042563,1.02414625694494,
2022-07-20 06:00:00,1.0238,1.02409,1.02366,1.02388,489,1.0238,1.02396,-0.00015999999999993797,-9.438527527549923e-05,-6.526009593365448e-05,-2.9125179341844753e-05,1.0239853894307551,1.0241358154961189,
2022-07-20 06:05:00,1.02388,1.02405,1.0231,1.02321,497,1.02313,1.02329,-0.00015999999999993797,-0.0001403268837787408,-8.896136354951684e-05,-5.1365520229223964e-05,1.023844409534254,1.024099509006075,
2022-07-20 06:10:00,1.02322,1.02337,1.023,1.02313,469,1.02305,1.02321,-0.00015999999999993797,-0.0001816393545794881,-0.0001042190674802113,-7.74202870992768e-05,1.0237145168916624,1.0240614890450523,
2022-07-20 06:15:00,1.02314,1.02364,1.02311,1.0235,396,1.02342,1.02357,-0.0001500000000000945,-0.0001916117451579158,-9.13531664469112e-05,-0.00010025857871100459,1.023675513820451,1.024039469866815,
2022-07-20 06:20:00,1.02352,1.02365,1.02324,1.02352,398,1.02344,1.02361,-0.00017000000000000348,-0.00019701969595264934,-7.74088937933158e-05,-0.00011961080215933355,1.023647238580369,1.024019098499489,
2022-07-20 06:25:00,1.02351,1.02354,1.02295,1.02353,408,1.02345,1.02361,-0.00015999999999993797,-0.00019925265812781312,-6.371348477478365e-05,-0.00013553917335302947,1.0236259224748474,1.0239999181661759,
2022-07-20 06:30:00,1.02352,1.02352,1.02312,1.02313,341,1.02306,1.0232,-0.000140000000000029,-0.0002236671178266203,-7.050235557887264e-05,-0.00015316476224774765,1.0235357547521478,1.0239658037282866,
2022-07-20 06:35:00,1.02313,1.02341,1.02287,1.02325,476,1.02318,1.02332,-0.000140000000000029,-0.00023458970283929403,-6.513995247323708e-05,-0.00016944975036605695,1.0234837993426662,1.023937732993844,
2022-07-20 06:40:00,1.02327,1.02362,1.02302,1.02322,523,1.02314,1.0233,-0.00016000000000016001,-0.00024345303087125458,-5.920262440415808e-05,-0.0001842504064670965,1.0234358358258178,1.0239095866019285,
2022-07-20 06:45:00,1.02324,1.02451,1.02324,1.02451,580,1.02444,1.02458,-0.000140000000000029,-0.00017072056929356982,1.0823869738821356e-05,-0.00018154443903239118,1.0236311384029417,1.0239331322253824,
2022-07-20 06:50:00,1.02452,1.02509,1.02433,1.02441,575,1.02433,1.02449,-0.00015999999999993797,-0.0001158571384918261,5.2549840432452054e-05,-0.00016840697892427816,1.0237727496024067,1.0239518329224262,
2022-07-20 06:55:00,1.02443,1.02503,1.02436,1.02502,542,1.02494,1.0251,-0.00015999999999993797,-3.311927264593173e-05,0.00010823016502267715,-0.00014134943766860888,1.0239995224019691,1.023993721827429,
2022-07-20 07:00:00,1.025,1.02586,1.02456,1.02554,998,1.02547,1.02561,-0.00013999999999980695,6.632437780562661e-05,0.00016613905237938841,-9.981467457376179e-05,1.0242796092379747,1.0240543601871377,
2022-07-20 07:05:00,1.02554,1.02578,1.0247,1.02504,744,1.02497,1.02512,-0.0001500000000000945,0.00011694700799114166,0.00017340934605192276,-5.64623380607811e-05,1.0244178621037974,1.0240930127288186,
2022-07-20 07:10:00,1.02503,1.02565,1.02476,1.02564,614,1.02556,1.02573,-0.00017000000000000348,0.00019373128182853527,0.0002001548959114531,-6.423614082917826e-06,1.024640068994016,1.024153678896316,
2022-07-20 07:15:00,1.02563,1.02648,1.02554,1.02634,814,1.02627,1.02642,-0.0001500000000000945,0.00029735928596297256,0.00024302632003671233,5.433296592626025e-05,1.0249491473587402,1.0242394169788134,
2022-07-20 07:20:00,1.02632,1.02734,1.02587,1.02666,1020,1.02658,1.02675,-0.00017000000000000348,0.00039914060155710196,0.00027584610850467335,0.0001232944930524286,1.0252602114753329,1.0243343418031736,
2022-07-20 07:25:00,1.02664,1.02671,1.026,1.02609,881,1.02601,1.02617,-0.00015999999999993797,0.0004447588510028133,0.00025717148636030776,0.00018758736464250555,1.0254110821161815,1.0244031911442255,
2022-07-20 07:30:00,1.02612,1.02651,1.0256,1.02575,929,1.02568,1.02582,-0.000140000000000029,0.00045794831445222783,0.0002162887598477778,0.00024165955460445004,1.025472703549603,1.0244560071777853,
2022-07-20 07:35:00,1.02576,1.02582,1.02476,1.02477,752,1.02469,1.02485,-0.00015999999999993797,0.00040577720336876233,0.0001312941190114498,0.00027448308435731254,1.0253449392678569,1.0244683206217937,
2022-07-20 07:40:00,1.02473,1.02519,1.0238,1.02391,797,1.02383,1.02399,-0.00015999999999993797,0.0003077840987046887,2.664081147790091e-05,0.0002811432872267878,1.0250840412191555,1.0244464256954489,
2022-07-20 07:45:00,1.02397,1.0245,1.0232,1.02325,890,1.02316,1.02334,-0.00017999999999984695,0.00018517051626831815,-7.67782167667757e-05,0.00026194873303509385,1.024750579179309,1.0243995070407255,
2022-07-20 07:50:00,1.02325,1.0235,1.02214,1.02256,1099,1.02249,1.02262,-0.00013000000000018552,4.1578184546198216e-05,-0.00017629643879111653,0.00021787462333731474,1.0243522920557981,1.0243273695097166,
2022-07-20 07:55:00,1.02256,1.02336,1.02228,1.02258,945,1.0225,1.02266,-0.00015999999999993797,-7.508471750505841e-05,-0.00023436747267389853,0.00015928275516884012,1.0240300571365621,1.024258845215218,
2022-07-20 08:00:00,1.0226,1.02411,1.02192,1.02361,1654,1.02352,1.0237,-0.000180000000000069,-0.00010767503880093621,-0.00021356623517582109,0.00010589119637488487,1.0239536831117326,1.0242334003048172,
2022-07-20 08:05:00,1.02363,1.02373,1.02303,1.0233,777,1.02322,1.02338,-0.00015999999999993797,-0.00015223344664572203,-0.0002064997144164855,5.426626777076349e-05,1.0238348316368722,1.024196796371295,
2022-07-20 08:10:00,1.02332,1.02444,1.0232,1.02335,948,1.02327,1.02343,-0.00016000000000016001,-0.0001844547768843352,-0.00019097683572407895,6.522058839743749e-06,1.023746680430168,1.0241635886704599,
2022-07-20 08:15:00,1.02335,1.02382,1.02274,1.02288,880,1.02281,1.02296,-0.0001500000000000945,-0.0002377693756128174,-0.00019543314756204894,-4.2336228050768485e-05,1.0235891021701375,1.0241132518598537,1.0241082
2022-07-20 08:20:00,1.02284,1.0234,1.02239,1.02339,884,1.02332,1.02346,-0.000140000000000029,-0.00024864568525240216,-0.00016504756576130692,-8.359811949109522e-05,1.0235529017755671,1.0240848890418202,1.0240939782178218
2022-07-20 08:25:00,1.0234,1.02361,1.02281,1.02284,567,1.02276,1.02293,-0.00017000000000000348,-0.00028880939285858,-0.0001641690186939878,-0.00012464037416459219,1.0234232832709185,1.0240360698637097,1.0240691469659837
2022-07-20 08:30:00,1.02286,1.02395,1.02284,1.02342,701,1.02333,1.0235,-0.00017000000000000348,-0.00028427557777122026,-0.00012770816288530245,-0.0001565674148859178,1.0234226863125697,1.0240119102612113,1.0240562925706176
2022-07-20 08:35:00,1.02343,1.02385,1.02304,1.0231,612,1.02303,1.02316,-0.00012999999999996348,-0.00029762672447186667,-0.00011284744766875906,-0.0001847792768031076,1.0233640160739206,1.0239761490744972,1.0240373560840708
2022-07-20 08:40:00,1.02306,1.0238,1.02302,1.02342,533,1.02335,1.0235,-0.0001500000000000945,-0.00028680022983995634,-8.161676242947897e-05,-0.00020518346741047738,1.0233741949695714,1.02395433930687,1.0240251312111188
2022-07-20 08:45:00,1.02342,1.02416,1.02339,1.02408,534,1.02399,1.02416,-0.00017000000000000348,-0.0002357059602031697,-2.4417994234153848e-05,-0.00021128796596901585,1.023502523156922,1.0239592671771889,1.0240262177217896
2022-07-20 08:50:00,1.02406,1.0242,1.02364,1.02407,516,1.02398,1.02416,-0.000180000000000069,-0.00019258681239375797,1.496092286020631e-05,-0.00020754773525396428,1.0236057007647543,1.0239636096408287,1.0240270846975958
2022-07-20 08:55:00,1.02407,1.0241,1.02298,1.02315,547,1.02307,1.02323,-0.00016000000000016001,-0.0002113837453372458,-3.0688080666252014e-06,-0.0002083149372706206,1.0235228460802535,1.023931703380404,1.024009716683782
2022-07-20 09:00:00,1.02315,1.02376,1.023,1.02366,560,1.02359,1.02374,-0.0001500000000000945,-0.00019421846266309828,1.1277179686017849e-05,-0.00020549564234911613,1.023547783156571,1.0239210483458785,1.0240027916009349
2022-07-20 09:05:00,1.02364,1.02424,1.0236,1.02406,413,1.02398,1.02415,-0.00017000000000000348,-0.00015440802190425096,4.087009635589216e-05,-0.00019527811826014312,1.0236409134917397,1.023926497430354,1.0240039244405201
2022-07-20 09:10:00,1.02408,1.02428,1.02384,1.02408,421,1.024,1.02416,-0.00015999999999993797,-0.00011936634642917276,6.07294174647763e-05,-0.00018009576389394906,1.0237207474023324,1.0239325171389675,1.0240054308872424
2022-07-20 09:15:00,1.02408,1.02518,1.02408,1.02499,523,1.02491,1.02507,-0.00015999999999993797,-3.468008508100695e-05,0.00011633254305035368,-0.00015101262813136063,1.0239515206019083,1.0239739870550864,1.0240249273053168
2022-07-20 09:20:00,1.025,1.02504,1.0243,1.02442,596,1.02436,1.02449,-0.00012999999999996348,4.435892084764248e-07,0.00012116497387186966,-0.00012072138466339323,1.0240366986742886,1.0239914777588084,1.0240327505269937
2022-07-20 09:25:00,1.02444,1.02453,1.02382,1.02425,724,1.02417,1.02433,-0.00015999999999993797,1.8908180750010217e-05,0.00011170365233072276,-9.279547158071254e-05,1.0240754807335088,1.024001615885914,1.0240370524967561
2022-07-20 09:30:00,1.02422,1.02468,1.02412,1.02419,479,1.02411,1.02427,-0.00015999999999993797,3.024082478830792e-05,9.842903709521639e-05,-6.818821230690847e-05,1.0240963024183254,1.024009003498231,1.0240400811601869
2022-07-20 09:35:00,1.02417,1.02488,1.02416,1.02484,478,1.02477,1.02492,-0.0001500000000000945,7.858778079694595e-05,0.00011742079448308354,-3.883301368613758e-05,1.024231520160448,1.0240415915963397,1.0240559211372127
2022-07-20 09:40:00,1.02482,1.02519,1.02449,1.02495,502,1.02487,1.02503,-0.00016000000000016001,0.00012418155703985967,0.0001304116565807978,-6.230099540938134e-06,1.0243621528585483,1.0240772154553066,1.0240736256691492
2022-07-20 09:45:00,1.02494,1.02502,1.02442,1.02468,401,1.0246,1.02476,-0.00015999999999993797,0.0001441701597140188,0.00012032020740396554,2.384995231005326e-05,1.024419943247903,1.0241008540649024,1.0240856330816412
2022-07-20 09:50:00,1.02466,1.02479,1.02426,1.02474,425,1.02465,1.02483,-0.00017999999999984695,0.00016299816787301857,0.00011131857245037225,5.167959542264632e-05,1.024478135384648,1.0241259186113767,1.0240985908424007
2022-07-20 09:55:00,1.02472,1.0253,1.0247,1.02516,492,1.02508,1.02524,-0.00015999999999993797,0.0002024985280364433,0.00012065514609103759,8.184338194540572e-05,1.0246021107692573,1.0241664708226954,1.0241196088455213
2022-07-20 10:00:00,1.02514,1.02515,1.02399,1.02448,653,1.0244,1.02457,-0.00017000000000000348,0.0001920693992343292,8.818081383113878e-05,0.00010388858540319042,1.0245799088112104,1.0241787660845505,1.024126745304026
2022-07-20 10:05:00,1.02448,1.02493,1.02442,1.02476,427,1.02467,1.02484,-0.00017000000000000348,0.00019891918977754663,7.602448349948497e-05,0.00012289470627806166,1.0246126526637176,1.0242015595714309,1.0241392850009758
2022-07-20 10:10:00,1.02475,1.02478,1.02394,1.024,432,1.02392,1.02408,-0.00016000000000016001,0.00015695414582883593,2.7247551640619406e-05,0.00012970659418821653,1.0245012612703144,1.0241936552745121,1.0241365268821447
2022-07-20 10:15:00,1.02398,1.02418,1.02354,1.02366,425,1.02358,1.02375,-0.00017000000000000348,0.00010077345142045502,-2.314651421420923e-05,0.00012391996563466425,1.0243483046757118,1.024172727616688,1.0241270907062607
2022-07-20 10:20:00,1.02368,1.02384,1.02316,1.0233,466,1.02322,1.02339,-0.00017000000000000348,3.219995195391512e-05,-7.337601094459931e-05,0.00010557596289851443,1.0241577038255825,1.0241385030042691,1.0241107126724733
2022-07-20 10:25:00,1.0233,1.02418,1.02296,1.02398,563,1.02391,1.02406,-0.00014999999999987246,1.6938579793901454e-05,-7.090990648369038e-05,8.784848627759183e-05,1.0241253940391128,1.0241322872001801,1.0241081243027212
2022-07-20 10:30:00,1.02396,1.02402,1.02112,1.02114,1253,1.02107,1.02122,-0.0001500000000000945,-0.00016746438677084363,-0.00020425029843874838,3.6785911667904744e-05,1.0235825951229105,1.0240149426040945,1.0240493495640535
2022-07-20 10:35:00,1.02114,1.02155,1.01928,1.01932,1510,1.01923,1.01942,-0.00018999999999991246,-0.0004271372635411552,-0.000371138540167248,-5.5998723373907244e-05,1.0228075778278358,1.0238308272078556,1.0239556990776366
2022-07-20 10:40:00,1.01934,1.01955,1.0184,1.01886,1307,1.01879,1.01893,-0.00013999999999980695,-0.0006640700032884972,-0.00048645702393167195,-0.00017761297935682524,1.022089836404593,1.0236358928075475,1.0238547941454061
2022-07-20 10:45:00,1.01884,1.01906,1.01734,1.01871,1363,1.01862,1.0188,-0.00017999999999984695,-0.0008617280926517257,-0.0005472920906359203,-0.00031443600201580535,1.021475320694667,1.023442720540585,1.023752917033616
2022-07-20 10:50:00,1.0187,1.01911,1.01852,1.01879,965,1.01871,1.01887,-0.00015999999999993797,-0.0010117326731173826,-0.0005578373368812618,-0.0004538953362361208,1.0209870805683638,1.0232602609115424,1.0236546414487917
2022-07-20 10:55:00,1.0188,1.0199,1.0188,1.01978,827,1.01969,1.01986,-0.00017000000000000348,-0.0010664805137958755,-0.0004900681420478037,-0.0005764123717480718,1.0207676113741158,1.0231237800914819,1.0235779158755482
2022-07-20 11:00:00,1.01979,1.0199,1.01896,1.0193,712,1.01921,1.01939,-0.000180000000000069,-0.001131725879240042,-0.0004442508059935761,-0.0006874750732464659,1.0205007729424582,1.0229738279310316,1.0234932046700917
2022-07-20 11:05:00,1.0193,1.02084,1.01922,1.02074,738,1.02065,1.02082,-0.00017000000000000348,-0.0010889087720897805,-0.00032114695907465175,-0.0007677618130151288,1.0205442687711022,1.022886226835697,1.0234386857657334
2022-07-20 11:10:00,1.0207,1.02118,1.02028,1.02102,619,1.02094,1.0211,-0.00015999999999993797,-0.0010281438918653407,-0.00020830566308016943,-0.0008198382287851713,1.0206307653581743,1.0228130414695913,1.023390790998095
2022-07-20 11:15:00,1.02102,1.02115,1.02055,1.02106,449,1.02098,1.02113,-0.0001500000000000945,-0.0009676940593277283,-0.00011828466443404562,-0.0008494093948936827,1.0207088080203244,1.0227442947452936,1.023344636720905
2022-07-20 11:20:00,1.0211,1.02144,1.0204,1.02059,636,1.02051,1.02067,-0.00015999999999993797,-0.000938836381409125,-7.154158921235366e-05,-0.0008672947921967713,1.0206872065620836,1.0226598125984194,1.0232900894591048
2022-07-20 11:25:00,1.02056,1.02064,1.01971,1.02,800,1.01993,1.02008,-0.0001500000000000945,-0.0009433291984242143,-6.0827524981954236e-05,-0.00088250167344226,1.020562259914432,1.0225555062220109,1.023224939172786
2022-07-20 11:30:00,1.02003,1.02024,1.01951,1.01967,485,1.01959,1.01975,-0.00015999999999993797,-0.0009593589704290917,-6.148583758946525e-05,-0.0008978731328396264,1.0204000308390806,1.0224423491152654,1.023154544337681
2022-07-20 11:35:00,1.01966,1.01966,1.01871,1.01882,495,1.01872,1.01891,-0.00018999999999991246,-0.0010161546388811615,-9.462520483322794e-05,-0.0009215294340479336,1.0201127525047022,1.0223002962087846,1.023068711776539
2022-07-20 11:40:00,1.0188,1.01908,1.01844,1.01874,707,1.01867,1.01881,-0.000140000000000029,-0.0010592885558893261,-0.00011020729747311393,-0.0009490812584162122,1.019863161140211,1.0221606767496165,1.0229829947116569
2022-07-20 11:45:00,1.01874,1.01928,1.01836,1.0184,667,1.01831,1.01849,-0.00017999999999984695,-0.0011066176205702938,-0.00012602908972326522,-0.0009805885308470286,1.0195971318419907,1.0220131992300239,1.0228922423411289
2022-07-20 11:50:00,1.01848,1.01886,1.01808,1.01845,775,1.01837,1.01853,-0.00015999999999993797,-0.0011334102209294983,-0.00012225735206597573,-0.0010111528688635226,1.0193885624161743,1.0218734659268858,1.0228042771462549
2022-07-20 11:55:00,1.01846,1.01923,1.01836,1.01908,861,1.019,1.01916,-0.00016000000000016001,-0.0011080960170224419,-7.755451852713537e-05,-0.0010305414984953065,1.019332460158688,1.0217639182434786,1.0227305290839528
2022-07-20 12:00:00,1.01904,1.01982,1.01883,1.01961,859,1.01953,1.01969,-0.00015999999999993797,-0.0010463824064290694,-1.2672726347010346e-05,-0.001033709680082059,1.0193829219480173,1.0216794508613813,1.022668736428825
2022-07-20 12:05:00,1.0196,1.02024,1.01936,1.02016,606,1.02008,1.02024,-0.00015999999999993797,-0.0009541621331898842,6.363803751373992e-05,-0.001017800170703624,1.0195242088665595,1.0216198645530918,1.0226190584797392
2022-07-20 12:10:00,1.02018,1.02018,1.0193,1.01986,468,1.01978,1.01995,-0.00017000000000000348,-0.0008891256826497607,0.00010293959044309093,-0.0009920652730928516,1.0195852617999122,1.0215508502568922,1.0225644236583582
2022-07-20 12:15:00,1.01987,1.02,1.01934,1.01943,553,1.01935,1.01951,-0.00015999999999993797,-0.0008547278970654215,0.00010986990082194413,-0.0009645977978873656,1.0195570323817462,1.0214676796585827,1.0225023558631432
2022-07-20 12:20:00,1.01938,1.01982,1.01794,1.01836,1264,1.01828,1.01844,-0.00015999999999993797,-0.0008843964201794563,6.416110216632756e-05,-0.0009485575223457839,1.0193393901305197,1.02134580986805,1.022420329014368
2022-07-20 12:25:00,1.0184,1.0195,1.01822,1.01919,815,1.01911,1.01927,-0.00015999999999993797,-0.0008513476998237568,7.776785801762165e-05,-0.0009291155578413784,1.019312228288607,1.021261268304597,1.0223563621031926
2022-07-20 12:30:00,1.01916,1.01982,1.019,1.01936,867,1.01928,1.01943,-0.0001500000000000945,-0.0008071477577595854,9.757424006543456e-05,-0.0009047219978250199,1.0193209140543147,1.0211867087632402,1.022297028200159
2022-07-20 12:35:00,1.01937,1.01997,1.01936,1.01974,624,1.01967,1.01982,-0.00014999999999987246,-0.0007414748393947956,0.00013059772674417947,-0.0008720725661389751,1.0193971114989848,1.0211299750862506,1.0222463939783737
2022-07-20 12:40:00,1.01975,1.01978,1.01876,1.01922,831,1.01914,1.0193,-0.00016000000000016001,-0.0007131903550929852,0.00012710576883679194,-0.0008402961239297772,1.0193649094082602,1.021055074102476,1.0221864653847426
2022-07-20 12:45:00,1.01922,1.01956,1.01908,1.01936,590,1.01928,1.01944,-0.00015999999999993797,-0.0006758188590305636,0.0001315818119193709,-0.0008074006709499345,1.0193640167885765,1.0209886006082611,1.0221304957731636
2022-07-20 12:50:00,1.01936,1.0221,1.01932,1.0208,1903,1.02071,1.02088,-0.00017000000000000348,-0.0005526815549228292,0.00020377529282168422,-0.0007564568477445134,1.0196251046451987,1.0209812045059765,1.0221041493222098
2022-07-20 12:55:00,1.02078,1.02123,1.02052,1.0211,813,1.02102,1.02119,-0.00017000000000000348,-0.00042928544264975166,0.0002617371240758095,-0.0006910225667255611,1.0198932674369807,1.020985863152801,1.0220842651772155
2022-07-20 13:00:00,1.02108,1.0217,1.02088,1.02124,859,1.02117,1.0213,-0.00013000000000018552,-0.0003163500326628377,0.0002997380272501787,-0.0006160880599130164,1.0201381279029842,1.0209958293036716,1.0220675470548946
2022-07-20 13:05:00,1.02122,1.02243,1.02121,1.0222,656,1.02212,1.02227,-0.0001500000000000945,-0.0001632912089022387,0.00036223748080862215,-0.0005255286897108608,1.0205130137388052,1.0210430516839197,1.0220701698854906
2022-07-20 13:10:00,1.0222,1.02296,1.022,1.02264,770,1.02255,1.02272,-0.00017000000000000348,-1.0075387768315736e-05,0.0004123626415540361,-0.00042243802932235186,1.0208997385135679,1.0211056771080798,1.0220814536501344
2022-07-20 13:15:00,1.02264,1.0234,1.02246,1.02294,798,1.02286,1.02301,-0.00014999999999987246,0.00013356558991617362,0.0004448028953908204,-0.0003112373054746468,1.0212706951474646,1.0211776113391355,1.0220984545679535
2022-07-20 13:20:00,1.02296,1.02363,1.02294,1.02308,814,1.02301,1.02316,-0.0001500000000000945,0.0002585332806019913,0.0004558164688613105,-0.00019728318825931916,1.0215996596661074,1.0212522148160321,1.0221178911111621
2022-07-20 13:25:00,1.0231,1.02348,1.02242,1.02318,781,1.0231,1.02325,-0.0001500000000000945,0.0003647888235374097,0.0004496576094373831,-8.48687858999734e-05,1.0218869942722697,1.0213278142350113,1.022138922970347
2022-07-20 13:30:00,1.02314,1.02352,1.02246,1.02262,902,1.02254,1.02269,-0.0001500000000000945,0.00041495131373436855,0.00039985607970747356,1.5095234026894994e-05,1.0220202680409478,1.0213784881865795,1.0221484492481618
2022-07-20 13:35:00,1.02264,1.02379,1.02257,1.02332,810,1.02325,1.0234,-0.0001500000000000945,0.0004950040672928591,0.00038392706661277123,0.00011107700068008782,1.0222565829425936,1.0214546259047528,1.0221716482729506
2022-07-20 13:40:00,1.02332,1.02335,1.02222,1.02254,705,1.02247,1.02262,-0.0001500000000000945,0.0005093617319613664,0.00031862778502502284,0.00019073394693634352,1.0223081133166674,1.0214971895947624,1.0221789423665555
2022-07-20 13:45:00,1.02258,1.02266,1.02194,1.02228,702,1.0222,1.02236,-0.00015999999999993797,0.0005012806128636971,0.00024843733274188283,0.00025284328012181425,1.022303001804546,1.0215278880420267,1.0221809435078117
2022-07-20 13:50:00,1.02228,1.02262,1.02174,1.0222,850,1.02213,1.02228,-0.0001500000000000945,0.0004857845305954456,0.00018635300037890502,0.00029943153021654055,1.0222842742037195,1.0215542453737119,1.0221813208640926
2022-07-20 13:55:00,1.02228,1.02266,1.02154,1.02158,842,1.02151,1.02164,-0.00013000000000018552,0.0004316826202659385,0.00010580087203951836,0.00032588174822642015,1.0221562243484976,1.0215552553590566,1.0221694135202493
2022-07-20 14:00:00,1.02155,1.0221,1.02153,1.02184,891,1.02176,1.02191,-0.0001500000000000945,0.0003996420838248138,5.900826847871494e-05,0.00034063381534609887,1.022098729012407,1.0215664218155642,1.0221628904802442
2022-07-20 14:05:00,1.0218,1.02203,1.02135,1.02196,732,1.02189,1.02203,-0.000140000000000029,0.00037745049888449067,2.9453346830713377e-05,0.0003479971520537773,1.0220735055556056,1.0215818562541696,1.022158872846972
2022-07-20 14:10:00,1.02198,1.02208,1.0216,1.02188,632,1.02181,1.02194,-0.00012999999999996348,0.00035140294751090373,2.724636365701084e-06,0.00034867831114520265,1.0220383227273135,1.021593548165771,1.0221533506123783
2022-07-20 14:15:00,1.0219,1.02207,1.02138,1.0217,559,1.02162,1.02177,-0.0001500000000000945,0.0003163607748342123,-2.5854029048792302e-05,0.0003422148038830046,1.0219768095041657,1.0215977227475055,1.0221443733725293
2022-07-20 14:20:00,1.02172,1.02209,1.02144,1.02182,703,1.02176,1.02189,-0.00012999999999996348,0.0002923838288539926,-3.986478002320962e-05,0.00033224860887720223,1.0219482986852264,1.0216064395025053,1.0221379501374297
2022-07-20 14:25:00,1.02184,1.0226,1.02175,1.02188,798,1.0218,1.02195,-0.00014999999999987246,0.0002740286365487954,-4.6575977862725506e-05,0.0003206046144115209,1.021935880742458,1.0216171673651522,1.0221328422139162
2022-07-20 14:30:00,1.02184,1.02227,1.02136,1.02192,766,1.02185,1.02198,-0.00013000000000018552,0.00025921346997215267,-4.911291555149456e-05,0.00030832638552364723,1.021932993334738,1.0216290431547541,1.022128627516611
2022-07-20 14:35:00,1.02194,1.02236,1.02153,1.02172,726,1.02164,1.02179,-0.00014999999999987246,0.00023289933386316797,-6.034164132838341e-05,0.0002932409751915514,1.0218942672738764,1.0216326100898618,1.0221205358826186
2022-07-20 14:40:00,1.02174,1.02174,1.02046,1.02084,806,1.02078,1.02091,-0.00012999999999996348,0.0001562559133072572,-0.00010958804950743535,0.00026584396281469254,1.02170258231499,1.0216015273412398,1.022095178736428
2022-07-20 14:45:00,1.02084,1.02132,1.02065,1.02089,503,1.02082,1.02096,-0.000140000000000029,9.52836302450244e-05,-0.00013644826605573452,0.00023173189630075892,1.0215548400759007,1.02157362430825,1.022071313810954
2022-07-20 14:50:00,1.02091,1.02202,1.02042,1.02172,910,1.02165,1.0218,-0.0001500000000000945,9.480806281692011e-05,-0.00010953906678707107,0.00020434712960399118,1.0215848691530096,1.021579364531456,1.0220643571018262
2022-07-20 14:55:00,1.02174,1.02184,1.02104,1.02124,1042,1.02117,1.02131,-0.000140000000000029,6.462194864953474e-05,-0.00011178014476356517,0.0001764020934130999,1.0215221656706441,1.0215660561184576,1.0220480331988198
2022-07-20 15:00:00,1.02124,1.02152,1.02066,1.02075,1005,1.02069,1.02081,-0.00011999999999989797,9.754912063897336e-06,-0.00013331774507936204,0.00014307265714325938,1.021381771912345,1.0215340539177338,1.0220223295711204
2022-07-20 15:05:00,1.02075,1.02105,1.02024,1.0207,889,1.02064,1.02076,-0.00011999999999989797,-3.825927443212862e-05,-0.00014506554526031042,0.00010680627082818179,1.0212578133828276,1.0215013459209599,1.021996144827138
2022-07-20 15:10:00,1.02072,1.02077,1.02032,1.02045,653,1.02038,1.02052,-0.000140000000000029,-9.23736345526116e-05,-0.00015934392430463473,6.697028975202312e-05,1.0211109382223136,1.0214601166691575,1.0219655280978877
2022-07-20 15:15:00,1.02042,1.02056,1.0199,1.01996,566,1.0199,1.02003,-0.00012999999999996348,-0.0001655610048563183,-0.00018602503568667313,2.0464030830354836e-05,1.0209016767273473,1.0214012885644848,1.0219258146702066
2022-07-20 15:20:00,1.01998,1.02046,1.01992,1.02041,499,1.02034,1.02048,-0.000140000000000029,-0.00019691549744482728,-0.0001739036226201457,-2.301187482468159e-05,1.0208122809587388,1.0213624145031324,1.0218957985381234
2022-07-20 15:25:00,1.02039,1.02041,1.0198,1.01986,425,1.01979,1.01993,-0.000140000000000029,-0.00025425876760842847,-0.0001849975142269975,-6.926125338143098e-05,1.0206391389662408,1.0213034962873233,1.0218554856957842
2022-07-20 15:30:00,1.01986,1.02046,1.01974,1.02013,542,1.02006,1.0202,-0.000140000000000029,-0.0002828158898180444,-0.00017084370914929073,-0.00011197218066875367,1.020546568245106,1.0212574768250753,1.0218213176622042
2022-07-20 15:35:00,1.02012,1.02021,1.01964,1.01984,406,1.01978,1.01991,-0.00013000000000018552,-0.00032145082541856773,-0.00016758291579985123,-0.0001538679096187165,1.0204181012914504,1.0212018894986017,1.0217820836490912
2022-07-20 15:40:00,1.01984,1.02028,1.01956,1.02026,272,1.02019,1.02034,-0.0001500000000000945,-0.0003250798184675219,-0.00013696952707904428,-0.0001881102913884776,1.0203893556020958,1.0211649526555193,1.0217519433788123
2022-07-20 15:45:00,1.02023,1.02065,1.02018,1.02058,344,1.0205,1.02065,-0.0001500000000000945,-0.0003060738747253655,-9.437086666951033e-05,-0.00021170300805585518,1.0204240182198965,1.021142013335695,1.0217287365792318
2022-07-20 15:50:00,1.0206,1.02098,1.02044,1.02086,471,1.02079,1.02094,-0.00014999999999987246,-0.0002711127685595116,-4.752780840292512e-05,-0.0002235849601565865,1.0205032876344606,1.021130953989197,1.0217115338746925
2022-07-20 15:55:00,1.02084,1.02173,1.02078,1.0215,434,1.02143,1.02157,-0.000140000000000029,-0.00020159934078223252,1.758849549948318e-05,-0.0002191878362817157,1.0206845080645586,1.0211454263817776,1.0217073450850944
2022-07-20 16:00:00,1.02149,1.02176,1.02126,1.02131,334,1.02123,1.02139,-0.00015999999999993797,-0.0001545653709422723,5.169797227155473e-05,-0.00020626334321382703,1.0207982338710024,1.021151880249159,1.0216994768655876
2022-07-20 16:05:00,1.02128,1.02152,1.02126,1.02149,247,1.02142,1.02156,-0.000140000000000029,-0.00010393219908966245,8.186491529933168e-05,-0.00018579711438899412,1.02092400953082,1.0211651398472312,1.0216953288088433
2022-07-20 16:10:00,1.02148,1.02162,1.0212,1.0212,211,1.02113,1.02127,-0.00013999999999980695,-7.918865762102101e-05,8.528676541437851e-05,-0.00016447542303539952,1.0209741896161255,1.0211665069120457,1.021685520317579
2022-07-20 16:15:00,1.02122,1.02162,1.02105,1.02118,249,1.0211,1.02125,-0.0001500000000000945,-5.950593087344913e-05,8.39755937295603e-05,-0.00014348152460300943,1.0210116096859208,1.0211670360527498,1.0216755100142605
2022-07-20 16:20:00,1.02124,1.02163,1.02121,1.02135,287,1.02128,1.02142,-0.000140000000000029,-3.263252203700162e-05,8.867920205280626e-05,-0.00012131172408980788,1.0210731351975715,1.0211742111095048,1.0216690642714037
2022-07-20 16:25:00,1.02136,1.02156,1.02102,1.02104,307,1.02097,1.0211,-0.00012999999999996348,-2.9122171077533565e-05,7.375164240981945e-05,-0.00010287381348735302,1.0210671106161948,1.0211689479287398,1.0216566075531581
2022-07-20 16:30:00,1.02102,1.02116,1.02075,1.0208,315,1.02074,1.02087,-0.00012999999999996348,-4.053005177562241e-05,4.987500936938449e-05,-9.04050611450069e-05,1.0210185450496139,1.0211544793825147,1.021639645027353
2022-07-20 16:35:00,1.02076,1.02098,1.0198,1.01988,599,1.01981,1.01996,-0.00014999999999987246,-0.00010518626015532107,-1.1824959208251321e-05,-9.336130094706974e-05,1.020811536858775,1.0211044997988867,1.0216048005713658
2022-07-20 16:40:00,1.01984,1.02002,1.01912,1.01944,616,1.01937,1.01951,-0.00013999999999980695,-0.00018387512217454827,-7.241105698198281e-05,-0.00011146406519256546,1.0205621665208158,1.0210392252969696,1.021561933233319
2022-07-20 16:45:00,1.01948,1.01956,1.0184,1.01853,634,1.01845,1.01861,-0.00015999999999993797,-0.00030184322195503377,-0.00015230332540997464,-0.00014953989654505913,1.0201926816988491,1.0209408243049316,1.0215018949514711
2022-07-20 16:50:00,1.01852,1.0194,1.01832,1.01908,535,1.01901,1.01915,-0.000140000000000029,-0.00036270547119499064,-0.0001705324597199452,-0.00019217301147504543,1.0199903759354219,1.0208678508027775,1.0214539366356004
2022-07-20 16:55:00,1.01908,1.01937,1.01878,1.01907,404,1.019,1.01914,-0.000140000000000029,-0.00041020396173263585,-0.0001744247602060723,-0.00023577920152656354,1.019823034856254,1.0207973468497273,1.0214067299695488
2022-07-20 17:00:00,1.01905,1.01932,1.01757,1.018,1085,1.01791,1.01808,-0.00017000000000000348,-0.0005104934200215183,-0.0002197713747959638,-0.0002907220452255545,1.0194915739732988,1.0206876469732675,1.0213392699701518
2022-07-20 17:05:00,1.018,1.01819,1.01712,1.01738,743,1.01731,1.01746,-0.0001500000000000945,-0.0006259683119274051,-0.00026819701336148045,-0.00035777129856592464,1.0191076514326989,1.0205579353272571,1.021260868584604
2022-07-20 17:10:00,1.0174,1.01803,1.01678,1.01783,807,1.01775,1.01791,-0.00016000000000016001,-0.0006882242249639514,-0.0002643623411184214,-0.00042386188384553,1.0188753511722082,1.0204509574712863,1.0211929305928298
2022-07-20 17:15:00,1.01774,1.0178,1.01702,1.01702,573,1.01695,1.0171,-0.00014999999999987246,-0.0007826254422882428,-0.00028701084675417023,-0.0004956145955340726,1.018538014595443,1.0203164101194713,1.021110298303863
2022-07-20 17:20:00,1.01702,1.01756,1.01692,1.01715,350,1.01707,1.01723,-0.00016000000000016001,-0.000845723007740995,-0.00028008672976553785,-0.0005656362779754571,1.0182856483053624,1.0201922371736096,1.0210318765552715
2022-07-20 17:25:00,1.01717,1.01721,1.01672,1.01678,411,1.01671,1.01686,-0.0001500000000000945,-0.0009129301035935011,-0.00027783506049443513,-0.000635095043099066,1.0180118940680238,1.0200584239511152,1.0209476809799196
2022-07-20 17:30:00,1.01676,1.01721,1.01652,1.017,492,1.01693,1.01708,-0.0001500000000000945,-0.0009472735723470294,-0.0002497428233983707,-0.0006975307489486586,1.017827913328383,1.0199384857569538,1.0208695090793272
2022-07-20 17:35:00,1.01695,1.01698,1.016,1.01611,438,1.01604,1.01618,-0.000140000000000029,-0.0010215767054611025,-0.000259236765209955,-0.0007623399402511475,1.017515565450495,1.0197883490606028,1.020775261374786
2022-07-20 17:40:00,1.0161,1.01656,1.01602,1.0162,405,1.01613,1.01628,-0.0001500000000000945,-0.0010687153450223974,-0.00024510032381699985,-0.0008236150212053976,1.0172763717322233,1.0196476294895989,1.0206846621396417
2022-07-20 17:45:00,1.01622,1.01652,1.01618,1.01632,429,1.01625,1.01639,-0.00013999999999980695,-0.0010914238657517839,-0.00021424707563710897,-0.0008771767901146749,1.017102485962728,1.019517134215497,1.0205982331863814
2022-07-20 17:50:00,1.01632,1.01643,1.0158,1.01592,520,1.01583,1.016,-0.00017000000000000348,-0.0011254036317862592,-0.00019858147333726736,-0.0009268221584489919,1.0168874885149592,1.0193760701286148,1.020505594905463
2022-07-20 17:55:00,1.0159,1.01595,1.01554,1.01578,488,1.0157,1.01586,-0.00015999999999993797,-0.0011526096206633252,-0.00018062996977146655,-0.0009719796508918586,1.0166861269667848,1.01923504777063,1.0204120187687213
2022-07-20 18:00:00,1.01576,1.01632,1.01573,1.01606,511,1.01599,1.01612,-0.00012999999999996348,-0.001148648316230405,-0.00014133493227083726,-0.0010073133839595678,1.0165722857000967,1.0191105360933506,1.0203258401792417
2022-07-20 18:05:00,1.01606,1.01622,1.01601,1.01616,314,1.01607,1.01624,-0.00017000000000000348,-0.001130094116906566,-9.822458635759838e-05,-0.0010318695305489675,1.0164973246637155,1.0189948287955721,1.0202433482945041
2022-07-20 18:10:00,1.01618,1.0168,1.01613,1.01656,523,1.01648,1.01664,-0.00015999999999993797,-0.0010815993963557702,-3.978389264544199e-05,-0.0010418155037103282,1.0165087201794034,1.018899345313393,1.020170410704514
2022-07-20 18:15:00,1.01656,1.0169,1.0164,1.01684,432,1.01676,1.01691,-0.00014999999999987246,-0.0010162460614184798,2.0455553833478813e-05,-0.0010367016152519587,1.0165689528740574,1.018818586673652,1.0201044619776918
2022-07-20 18:20:00,1.01687,1.01691,1.01647,1.0165,410,1.01642,1.01658,-0.00015999999999993797,-0.0009751201778895879,4.926514988989666e-05,-0.0010243853277794846,1.016556415987865,1.0187276617060579,1.020033086492985
2022-07-20 18:25:00,1.01651,1.01709,1.01634,1.01702,445,1.01694,1.01709,-0.0001500000000000945,-0.0009021411669536405,9.779532866067541e-05,-0.000999936495614316,1.0166407039900713,1.01866069458033,1.019973421413916
2022-07-20 18:30:00,1.01701,1.01764,1.01686,1.01744,367,1.01736,1.01751,-0.00014999999999987246,-0.0008097257574619654,0.00015216859052188047,-0.0009618943479838459,1.016786030537331,1.0186128242046308,1.0199232546532444
2022-07-20 18:35:00,1.01744,1.01764,1.0172,1.01735,372,1.01728,1.01742,-0.000140000000000029,-0.0007329927750359122,0.00018312125835834693,-0.0009161140333942591,1.0168885704396344,1.018563301686802,1.0198722991155564
2022-07-20 18:40:00,1.01734,1.01748,1.01712,1.01736,400,1.01729,1.01744,-0.00014999999999987246,-0.0006636670452673243,0.00020195759050154784,-0.0008656246357688722,1.0169742849051553,1.0185161133853589,1.0198225506182186
2022-07-20 18:45:00,1.01734,1.01766,1.01732,1.01754,242,1.01747,1.01762,-0.00014999999999987246,-0.0005906813306160164,0.00021995464412228466,-0.000810635974738301,1.017077142195127,1.0184778344290704,1.0197773515960757
2022-07-20 18:50:00,1.01753,1.01756,1.0173,1.01738,318,1.01733,1.01744,-0.00010999999999983245,-0.0005358528518439876,0.00021982649831545076,-0.0007556793501594383,1.0171322072505584,1.0184347820985187,1.0197298792872425
2022-07-20 18:55:00,1.01739,1.01776,1.01737,1.01774,388,1.01766,1.01782,-0.00015999999999993797,-0.00046487750146329,0.00023264147895691873,-0.0006975189804202087,1.0172427150231842,1.018407535741714,1.019690475737
2022-07-20 19:00:00,1.01774,1.0182,1.01772,1.0182,401,1.01812,1.01827,-0.0001500000000000945,-0.0003752091501318944,0.0002578478642306515,-0.0006330570143625459,1.0174167668371508,1.0183993970851761,1.0196609613659704
2022-07-20 19:05:00,1.0182,1.01841,1.01808,1.01815,303,1.01807,1.01823,-0.00015999999999993797,-0.0003018095790814357,0.00026499794822488825,-0.0005668075273063239,1.0175500819576688,1.018389616807326,1.0196310413389216
2022-07-20 19:10:00,1.01814,1.01814,1.01774,1.01777,217,1.0177,1.01784,-0.000140000000000029,-0.0002622784013337487,0.00024362330077806022,-0.0005059017021118089,1.0175900670562743,1.0183653181089996,1.0195941890351805
2022-07-20 19:15:00,1.01778,1.01798,1.01772,1.0179,188,1.01782,1.01797,-0.0001500000000000945,-0.00021994216792453614,0.00022876762734981825,-0.0004487097952743544,1.017646418500588,1.0183470703400193,1.0195606407374542
2022-07-20 19:20:00,1.01788,1.01796,1.01772,1.01786,222,1.01778,1.01793,-0.0001500000000000945,-0.00018593354002982565,0.00021022100419562303,-0.0003961545442254487,1.017685251500481,1.0183279695423715,1.0195269646832472
2022-07-20 19:25:00,1.01784,1.01798,1.01784,1.01794,235,1.01787,1.01802,-0.00014999999999987246,-0.00015175765880948155,0.00019551750833277375,-0.0003472751671422553,1.0177315694094844,1.0183127550505138,1.0194955396400145
2022-07-20 19:30:00,1.01792,1.01798,1.01775,1.01795,294,1.01787,1.01803,-0.00015999999999993797,-0.00012195435556194845,0.0001802566492642455,-0.00030221100482619395,1.0177712840623054,1.0182985293622584,1.0194649348946676
2022-07-20 19:35:00,1.01794,1.0181,1.01784,1.01794,173,1.01785,1.01802,-0.00017000000000000348,-9.718024560090299e-05,0.00016402460738023278,-0.00026120485298113577,1.0178019596873407,1.018284469387268,1.01943473816408
2022-07-20 19:40:00,1.01794,1.01805,1.01784,1.01794,146,1.01786,1.01801,-0.0001500000000000945,-7.611772619231516e-05,0.0001480697014310565,-0.00022418742762337165,1.0178270579260058,1.0182709607838456,1.0194051393885537
2022-07-20 19:45:00,1.01793,1.01798,1.01778,1.01778,210,1.01771,1.01786,-0.0001500000000000945,-6.794060162640392e-05,0.00012499746079757418,-0.0001929380624239781,1.0178185019394592,1.0182517074197732,1.0193729584105624
2022-07-20 19:50:00,1.0178,1.01796,1.01776,1.01783,188,1.01776,1.0179,-0.000140000000000029,-5.76751278762444e-05,0.00010821034763818698,-0.00016588547551443138,1.0178205924959212,1.0182351698738998,1.01934240477867
2022-07-20 19:55:00,1.01782,1.01786,1.01741,1.01776,269,1.01769,1.01783,-0.000140000000000029,-5.3041089863814506e-05,9.02755085204935e-05,-0.000143316598384308,1.0178095756784808,1.0182165357611979,1.0193110700305776
2022-07-20 20:00:00,1.01776,1.01787,1.01762,1.01778,152,1.0177,1.01787,-0.00017000000000000348,-4.761047737877888e-05,7.65648968044233e-05,-0.0001241753741832022,1.0178041982823933,1.0181994167117392,1.0192807518121503
2022-07-20 20:05:00,1.01778,1.01783,1.01776,1.01776,42,1.01767,1.01784,-0.00017000000000000348,-4.3990980244767997e-05,6.414751515074736e-05,-0.00010813849539551535,1.0177961622310492,1.018182184683828,1.01925063791488
2022-07-20 20:10:00,1.01777,1.01778,1.01761,1.01761,67,1.01753,1.01769,-0.00015999999999993797,-4.9746061379307704e-05,4.671394721296613e-05,-9.646000859227383e-05,1.0177623145526766,1.018159746068776,1.0192181500353774
2022-07-20 20:15:00,1.01758,1.01765,1.01752,1.01758,144,1.01749,1.01766,-0.00017000000000000348,-5.5870211974173856e-05,3.247183729447999e-05,-8.834204926865384e-05,1.01772916645219,1.018137010928824,1.0191857114208154
2022-07-20 20:20:00,1.01757,1.01762,1.01754,1.01756,94,1.01749,1.01764,-0.0001500000000000945,-6.164223675964031e-05,2.1359850007210827e-05,-8.300208676685114e-05,1.017698408915428,1.0181143830492623,1.0191535191154526
2022-07-20 20:25:00,1.01758,1.01774,1.01752,1.01766,95,1.01757,1.01775,-0.00017999999999984695,-5.9821416428906815e-05,1.8544536270355465e-05,-7.836595269926228e-05,1.0176914254762592,1.018096564106154,1.019123944479503
2022-07-20 20:30:00,1.01766,1.01802,1.01758,1.01758,103,1.01749,1.01766,-0.00017000000000000348,-6.268726578362305e-05,1.2542949532511391e-05,-7.523021531613444e-05,1.0176711662987574,1.0180763066902263,1.0190933713214931
2022-07-20 20:35:00,1.01758,1.0176,1.01741,1.0175,122,1.01743,1.01758,-0.00014999999999987246,-6.936626936204782e-05,4.691156763269303e-06,-7.405742612531712e-05,1.0176400451535288,1.0180537064278645,1.0190618194141368
2022-07-20 20:40:00,1.01754,1.01779,1.01754,1.01779,98,1.01771,1.01787,-0.00016000000000016001,-5.6733628989835694e-05,1.3859037708385152e-05,-7.059266669822085e-05,1.0176673096710689,1.0180433649993208,1.0190366348712825
2022-07-20 20:45:00,1.01778,1.018,1.01777,1.0179,249,1.01782,1.01799,-0.00017000000000000348,-3.928244651607571e-05,2.5048176145716118e-05,-6.433062266179183e-05,1.0177096170036017,1.0180377428424847,1.019014127250069
2022-07-20 20:50:00,1.01791,1.01798,1.0179,1.01798,240,1.0179,1.01805,-0.00014999999999987246,-1.984230564811007e-05,3.5590653610945406e-05,-5.5432959259055476e-05,1.0177587775484014,1.0180354784172894,1.018993649482741
2022-07-20 20:55:00,1.01797,1.01816,1.01797,1.0181,177,1.018,1.01821,-0.00021000000000004349,3.4884734143592055e-06,4.713714613873175e-05,-4.3648672724372545e-05,1.0178208179941466,1.0180380086754348,1.0189759534533798
2022-07-20 21:00:00,1.01784,1.01792,1.01784,1.01792,8,1.01749,1.01835,-0.0008600000000000829,1.16706153612256e-05,4.425543046847852e-05,-3.258481510725292e-05,1.0178388510861198,1.0180333808842412,1.018955043484006
2022-07-20 21:05:00,1.01792,1.01793,1.01774,1.01793,45,1.01764,1.01822,-0.0005799999999998029,1.8878815298606355e-05,4.117090432468742e-05,-2.2292089026081065e-05,1.0178554236159163,1.018029326731918,1.0189347455932336
2022-07-20 21:10:00,1.01794,1.01794,1.01775,1.0179,40,1.01764,1.01817,-0.0005299999999999194,2.281231109169113e-05,3.6083520094217754e-05,-1.3271209002526627e-05,1.0178635284130224,1.0180242550953722,1.0189142555814863
2022-07-20 21:15:00,1.0179,1.018,1.0179,1.018,21,1.01782,1.01819,-0.00036999999999998145,3.18964845751335e-05,3.61341548621281e-05,-4.2376702869946014e-06,1.0178883414288364,1.0180233039151616,1.0188961515105657
2022-07-20 21:20:00,1.01801,1.01809,1.01801,1.01806,16,1.01785,1.01828,-0.0004300000000001525,4.270412267159962e-05,3.755343436687538e-05,5.150688304724243e-06,1.0179195520781388,1.0180247429773122,1.018879594054911
2022-07-20 21:25:00,1.01806,1.01811,1.01802,1.01811,27,1.01795,1.01827,-0.000320000000000098,5.4230502866126074e-05,3.9263851649121464e-05,1.496665121700461e-05,1.0179541789730226,1.0180280863899667,1.018864354568675
2022-07-20 21:30:00,1.01812,1.01812,1.01789,1.018,30,1.01786,1.01814,-0.000280000000000058,5.657483421184217e-05,3.328654639587005e-05,2.3288287815972123e-05,1.0179625100688368,1.018026984962909,1.018847238636622
2022-07-20 21:35:00,1.018,1.01803,1.01798,1.018,49,1.01788,1.01812,-0.00024000000000001798,5.803753419098001e-05,2.779939710000631e-05,3.0238137090973702e-05,1.0179693264199574,1.0180259267290694,1.0188304616339166
2022-07-20 21:40:00,1.01798,1.01798,1.01796,1.01798,21,1.01784,1.01812,-0.00027999999999983594,5.755710284960358e-05,2.18551726069039e-05,3.570193024269968e-05,1.0179712670708743,1.0180241256808706,1.0188136208094827
2022-07-20 21:45:00,1.01796,1.01798,1.01792,1.01796,28,1.0178,1.01812,-0.00031999999999987594,5.548999894644524e-05,1.5830454962996445e-05,3.9659543983448796e-05,1.0179692185125335,1.0180216109482876,1.0187967174271166
2022-07-20 21:50:00,1.01791,1.01792,1.01789,1.01792,12,1.01778,1.01805,-0.00026999999999999247,5.093111955023488e-05,9.01726045342887e-06,4.191385909680601e-05,1.0179602696920729,1.0180176262052174,1.0187793566859855
2022-07-20 21:55:00,1.01794,1.01798,1.01794,1.01796,13,1.0178,1.01813,-0.00032999999999994145,4.9208076177142956e-05,5.835373664269551e-06,4.3372702512873406e-05,1.0179602206571505,1.0180153663540326,1.0187631318011146
2022-07-20 22:00:00,1.01798,1.01815,1.01784,1.01806,175,1.01796,1.01816,-0.00019999999999997797,5.344922957606357e-05,8.061221650552136e-06,4.5388007925511436e-05,1.0179783623558505,1.0180171166930903,1.0187492083991123
2022-07-20 22:05:00,1.01804,1.01846,1.01801,1.01845,155,1.01834,1.01856,-0.00021999999999988695,8.007848635349646e-05,2.775238274238801e-05,5.232610361110845e-05,1.0180641146547869,1.0180340925090474,1.018743283480318
2022-07-20 22:10:00,1.01846,1.01875,1.01846,1.01874,283,1.01864,1.01885,-0.00021000000000004349,0.00011877034987395341,5.315539701027596e-05,6.561495286367745e-05,1.018187002899371,1.0180617751557515,1.0187432184609058
2022-07-20 22:15:00,1.01874,1.01876,1.01863,1.01872,165,1.01862,1.01881,-0.00018999999999991246,0.00014827400953087988,6.612724533376194e-05,8.214676419711794e-05,1.0182839114631217,1.0180875878947415,1.0187427586894027
2022-07-20 22:20:00,1.01871,1.01872,1.01862,1.01869,85,1.0186,1.01878,-0.000180000000000069,0.00016941390828617564,6.981371527124615e-05,9.960019301492949e-05,1.018357745742554,1.0181112118988693,1.0187417139628798
2022-07-20 22:25:00,1.01868,1.01874,1.01864,1.01872,89,1.01863,1.0188,-0.00017000000000000348,0.0001871662132488794,7.00528161871599e-05,0.00011711339706171948,1.0184236101529989,1.0181350859420508,1.018741283983417
2022-07-20 22:30:00,1.01872,1.01872,1.01856,1.01861,45,1.01853,1.01869,-0.00016000000000016001,0.0001935347030912471,6.113704482362209e-05,0.000132397658267625,1.01845749921609,1.0181537100227547,1.018738684300577
2022-07-20 22:35:00,1.01861,1.01863,1.01842,1.01844,88,1.01837,1.01851,-0.000140000000000029,0.00018690459838088813,4.360555209061048e-05,0.00014329904629027765,1.0184543175404372,1.0181649370806858,1.0187327697599715
2022-07-20 22:40:00,1.01844,1.01845,1.01836,1.01838,90,1.01829,1.01848,-0.0001900000000001345,0.00017634120945753118,2.6433730533802826e-05,0.00014990747892372835,1.0184408052603577,1.0181733709206588,1.01872578422017
2022-07-20 22:45:00,1.0184,1.01857,1.01819,1.01824,112,1.01814,1.01833,-0.00018999999999991246,0.00015780471602888646,6.317789684126481e-06,0.00015148692634475998,1.01840429521302,1.0181759838257312,1.0187161647306617
2022-07-20 22:50:00,1.0182,1.01828,1.01818,1.01826,99,1.01818,1.01834,-0.00015999999999993797,0.00014256875797213908,-7.134534698096729e-06,0.0001497032926702358,1.0183780597197434,1.0181792785776633,1.0187071317656982
2022-07-20 22:55:00,1.01825,1.01833,1.01818,1.01818,150,1.01809,1.01826,-0.00017000000000000348,0.00012410893135328394,-2.0475489053561506e-05,0.00014458442040684544,1.0183420488616082,1.0181793068687355,1.018696693512912
2022-07-20 23:00:00,1.0182,1.0182,1.01806,1.01816,94,1.01806,1.01826,-0.00019999999999997797,0.00010678811415032463,-3.0237045005216637e-05,0.00013702515915554127,1.0183089490685884,1.0181785497366282,1.0186860659185968
2022-07-20 23:05:00,1.01819,1.01836,1.01806,1.01818,142,1.01809,1.01828,-0.0001900000000001345,9.295867011593906e-05,-3.525319123168176e-05,0.00012821186134762082,1.0182855037833904,1.0181786066097016,1.0186760448112977
2022-07-20 23:10:00,1.01813,1.01849,1.01812,1.01831,148,1.0182,1.01842,-0.000220000000000109,8.875183753853655e-05,-3.156801904726742e-05,0.00012031985658580397,1.0182899576409559,1.018183759291674,1.0186687963991927
2022-07-20 23:15:00,1.0183,1.01832,1.01794,1.01794,98,1.01786,1.01803,-0.00017000000000000348,6.221356863411742e-05,-4.648503036134923e-05,0.00010869859899546665,1.018226328978964,1.0181742001037652,1.0186543647873274
2022-07-20 23:20:00,1.0179,1.01796,1.01768,1.01774,190,1.01766,1.01783,-0.00017000000000000348,2.7892214904845503e-05,-6.464510727249693e-05,9.253732217734243e-05,1.0181379055282431,1.0181571726487157,1.018636258553915
2022-07-20 23:25:00,1.01776,1.01796,1.01776,1.01786,154,1.01777,1.01794,-0.00017000000000000348,6.83165346582193e-06,-6.85645349692164e-05,7.539618843503833e-05,1.0180873772503807,1.0181455188193544,1.0186208870974018
2022-07-20 23:30:00,1.01785,1.01786,1.01768,1.01776,136,1.01767,1.01784,-0.00017000000000000348,-1.651091620780143e-05,-7.352568371427182e-05,5.701476750647038e-05,1.0180278541139478,1.0181304004342817,1.0186038398281463
2022-07-20 23:35:00,1.01776,1.01791,1.01776,1.01784,144,1.01776,1.01793,-0.00017000000000000348,-3.064607673741726e-05,-7.012867539511012e-05,3.9482598657692855e-05,1.0179936988205027,1.018119012181957,1.018588714286995
2022-07-20 23:40:00,1.01787,1.01794,1.01784,1.01792,233,1.01784,1.01801,-0.00017000000000000348,-3.713053413267886e-05,-6.129050623229738e-05,2.4159972099618514e-05,1.0179802990349567,1.0181112077826646,1.0185754724199256
2022-07-20 23:45:00,1.01792,1.01794,1.01782,1.01791,126,1.01783,1.01799,-0.00015999999999993797,-4.2743775192866096e-05,-5.3522997833987685e-05,1.0779222641121591e-05,1.0179675173922371,1.0181033172813838,1.018562294748244
2022-07-20 23:50:00,1.01792,1.01838,1.01792,1.0183,282,1.01822,1.01837,-0.0001500000000000945,-2.3405067067328034e-05,-2.73474317667597e-05,3.942364699431666e-06,1.0180279687754668,1.0181110303291727,1.0185571007928331
2022-07-20 23:55:00,1.0183,1.01832,1.01806,1.0181,162,1.01802,1.01818,-0.00016000000000016001,-1.9483422375232706e-05,-1.87406296597315e-05,-7.427927155012079e-07,1.0180410653617455,1.0181105977672444,1.018548049291985
